Position,Const,Created,Modified,Description,Title,URL,Title Type,IMDb Rating,Runtime (mins),Year,Genres,Num Votes,Release Date,Directors
1,tt0114437,2018-02-12,2018-02-12,,Shu dan long wei,https://www.imdb.com/title/tt0114437/,movie,6.1,101,1995,"Action, Comedy, Crime, Thriller",3519,1995-07-01,"Jing Wong, Wai-Lun Lam"
2,tt4616250,2018-02-10,2018-02-10,,The Perfect Weapon,https://www.imdb.com/title/tt4616250/,movie,3.3,88,2016,"Action, Drama, Sci-Fi",960,2016-08-03,Titus Paar
3,tt0362270,2018-02-09,2018-02-09,,The Life Aquatic with Steve Zissou,https://www.imdb.com/title/tt0362270/,movie,7.3,119,2004,"Adventure, Comedy, Drama",154774,2004-11-20,Wes Anderson
4,tt0327554,2018-02-09,2018-02-09,,Catwoman,https://www.imdb.com/title/tt0327554/,movie,3.3,104,2004,"Action, Crime, Fantasy",94933,2004-07-19,Pitof
5,tt0368226,2018-02-09,2018-02-09,,The Room,https://www.imdb.com/title/tt0368226/,movie,3.6,99,2003,Drama,55975,2003-06-27,Tommy Wiseau
6,tt0298203,2018-02-09,2018-02-09,,8 Mile,https://www.imdb.com/title/tt0298203/,movie,7.1,110,2002,"Drama, Music",210807,2002-09-08,Curtis Hanson
7,tt0102685,2018-02-09,2018-02-09,,Point Break,https://www.imdb.com/title/tt0102685/,movie,7.2,122,1991,"Action, Crime, Thriller",126951,1991-07-10,Kathryn Bigelow
8,tt0087363,2018-02-09,2018-02-09,,Gremlins,https://www.imdb.com/title/tt0087363/,movie,7.2,106,1984,"Comedy, Fantasy, Horror",162942,1984-06-08,Joe Dante
9,tt0092513,2018-02-09,2018-02-09,,Adventures in Babysitting,https://www.imdb.com/title/tt0092513/,movie,6.9,102,1987,"Action, Adventure, Comedy, Crime, Family, Romance, Thriller",31589,1987-06-19,Chris Columbus
10,tt4255304,2018-02-10,2018-02-10,,The Void,https://www.imdb.com/title/tt4255304/,movie,5.8,90,2016,"Horror, Mystery, Sci-Fi",18872,2016-09-22,"Steven Kostanski, Jeremy Gillespie"
11,tt0228750,2018-02-10,2018-02-10,,Proof of Life,https://www.imdb.com/title/tt0228750/,movie,6.2,135,2000,"Action, Drama, Thriller",51464,2000-12-04,Taylor Hackford
12,tt0128442,2018-02-10,2018-02-10,,Rounders,https://www.imdb.com/title/tt0128442/,movie,7.3,121,1998,"Crime, Drama",129647,1998-08-25,John Dahl
13,tt0095519,2018-02-10,2018-02-10,,License to Drive,https://www.imdb.com/title/tt0095519/,movie,6.3,88,1988,Comedy,15339,1988-07-06,Greg Beeman
14,tt0072271,2018-02-10,2018-02-10,,The Texas Chain Saw Massacre,https://www.imdb.com/title/tt0072271/,movie,7.5,83,1974,Horror,110605,1974-10-01,Tobe Hooper
15,tt0111686,2018-02-10,2018-02-10,,New Nightmare,https://www.imdb.com/title/tt0111686/,movie,6.4,112,1994,"Fantasy, Horror, Mystery, Thriller",42552,1994-08-01,Wes Craven
16,tt0095294,2018-02-10,2018-02-10,,Hellbound: Hellraiser II,https://www.imdb.com/title/tt0095294/,movie,6.5,97,1988,"Horror, Thriller",34264,1988-09-09,Tony Randel
17,tt0368447,2018-02-10,2018-02-10,,The Village,https://www.imdb.com/title/tt0368447/,movie,6.5,108,2004,"Drama, Mystery, Thriller",212807,2004-07-26,M. Night Shyamalan
18,tt0285531,2018-02-10,2018-02-10,,Dreamcatcher,https://www.imdb.com/title/tt0285531/,movie,5.5,136,2003,"Drama, Horror, Sci-Fi, Thriller",81235,2003-03-06,Lawrence Kasdan
19,tt0079100,2018-02-10,2018-02-10,,The Electric Horseman,https://www.imdb.com/title/tt0079100/,movie,6.3,121,1979,"Comedy, Drama, Romance, Western",6310,1979-12-16,Sydney Pollack
20,tt0092718,2018-02-10,2018-02-10,,Can't Buy Me Love,https://www.imdb.com/title/tt0092718/,movie,6.7,94,1987,"Comedy, Drama, Romance",26994,1987-08-14,Steve Rash
21,tt0149261,2018-02-10,2018-02-10,,Deep Blue Sea,https://www.imdb.com/title/tt0149261/,movie,5.8,105,1999,"Action, Sci-Fi, Thriller",107814,1999-07-26,Renny Harlin
22,tt0708447,2018-02-10,2018-02-10,,Star Trek: Space Seed,https://www.imdb.com/title/tt0708447/,tvEpisode,8.9,50,1967,"Action, Adventure, Mystery, Sci-Fi",2579,1967-02-16,Marc Daniels
23,tt0086373,2018-02-10,2018-02-10,,The Adventures of Bob & Doug McKenzie: Strange Brew,https://www.imdb.com/title/tt0086373/,movie,6.8,90,1983,Comedy,13809,1983-08-19,"Dave Thomas, Rick Moranis"
24,tt0076578,2018-02-10,2018-02-10,,Pumping Iron,https://www.imdb.com/title/tt0076578/,movie,7.4,85,1977,"Documentary, Sport",18383,1977-01-18,"Robert Fiore, George Butler"
25,tt0325805,2018-02-10,2018-02-10,,Matchstick Men,https://www.imdb.com/title/tt0325805/,movie,7.3,116,2003,"Comedy, Crime, Drama, Thriller",113459,2003-09-02,Ridley Scott
26,tt0708539,2018-02-10,2018-02-10,,Star Trek: Deep Space Nine: Fascination,https://www.imdb.com/title/tt0708539/,tvEpisode,6.2,46,1994,"Action, Adventure, Drama, Sci-Fi",773,1994-11-28,Avery Brooks
27,tt0120177,2018-02-10,2018-02-10,,Spawn,https://www.imdb.com/title/tt0120177/,movie,5.2,96,1997,"Action, Horror",57065,1997-07-01,Mark A.Z. Dippé
28,tt0091472,2018-02-10,2018-02-10,,The Manhattan Project,https://www.imdb.com/title/tt0091472/,movie,6.1,117,1986,"Sci-Fi, Thriller",4751,1986-06-13,Marshall Brickman
29,tt0089461,2018-02-10,2018-02-10,,The Last Dragon,https://www.imdb.com/title/tt0089461/,movie,6.9,109,1985,"Action, Comedy, Drama, Music",10442,1985-03-22,Michael Schultz
30,tt0708691,2018-02-10,2018-02-10,,Star Trek: The Next Generation: Conspiracy,https://www.imdb.com/title/tt0708691/,tvEpisode,8.1,46,1988,"Action, Adventure, Mystery, Sci-Fi",1763,1988-05-07,Cliff Bole
31,tt0120738,2018-02-10,2018-02-10,,Lost in Space,https://www.imdb.com/title/tt0120738/,movie,5.1,130,1998,"Action, Adventure, Family, Sci-Fi, Thriller",62186,1998-04-03,Stephen Hopkins
32,tt0120660,2018-02-10,2018-02-10,,Enemy of the State,https://www.imdb.com/title/tt0120660/,movie,7.3,132,1998,"Action, Crime, Mystery, Thriller",203120,1998-11-18,Tony Scott
33,tt0093793,2018-02-10,2018-02-10,,Project X,https://www.imdb.com/title/tt0093793/,movie,6.1,108,1987,"Comedy, Drama, Sci-Fi, Thriller",9031,1987-04-17,Jonathan Kaplan
34,tt0087800,2018-02-10,2018-02-10,,A Nightmare on Elm Street,https://www.imdb.com/title/tt0087800/,movie,7.5,91,1984,Horror,169655,1984-10-01,Wes Craven
35,tt0119707,2018-02-10,2018-02-10,,Mortal Kombat: Annihilation,https://www.imdb.com/title/tt0119707/,movie,3.7,95,1997,"Action, Adventure, Fantasy, Sci-Fi, Thriller",39549,1997-11-21,John R. Leonetti
36,tt0081505,2018-02-10,2018-02-10,,The Shining,https://www.imdb.com/title/tt0081505/,movie,8.4,146,1980,"Drama, Horror",701244,1980-05-23,Stanley Kubrick
37,tt0082340,2018-02-10,2018-02-10,,Escape from New York,https://www.imdb.com/title/tt0082340/,movie,7.2,99,1981,"Action, Sci-Fi",103041,1981-05-23,John Carpenter
38,tt0100740,2018-02-10,2018-02-10,,Tales from the Darkside: The Movie,https://www.imdb.com/title/tt0100740/,movie,6.2,93,1990,"Comedy, Fantasy, Horror, Thriller",12390,1990-05-04,John Harrison
39,tt0083943,2018-02-10,2018-02-10,,Firefox,https://www.imdb.com/title/tt0083943/,movie,5.9,136,1982,"Action, Adventure, Thriller",21693,1982-06-14,Clint Eastwood
40,tt0327437,2018-02-10,2018-02-10,,Around the World in 80 Days,https://www.imdb.com/title/tt0327437/,movie,5.8,120,2004,"Action, Adventure, Comedy, Family",74865,2004-06-13,Frank Coraci
41,tt0117894,2018-02-10,2018-02-10,,Thinner,https://www.imdb.com/title/tt0117894/,movie,5.7,93,1996,"Fantasy, Horror",22946,1996-10-25,Tom Holland
42,tt0092240,2018-02-10,2018-02-10,,The Wraith,https://www.imdb.com/title/tt0092240/,movie,5.9,93,1986,"Action, Horror, Romance, Sci-Fi, Thriller",11959,1986-10-01,Mike Marvin
43,tt1125622,2018-02-10,2018-02-10,,Ninja Turtles: The Next Mutation: East Meets West: Part 2,https://www.imdb.com/title/tt1125622/,tvEpisode,6.3,21,1997,"Action, Adventure, Comedy, Family, Sci-Fi",30,1997-09-19,Robert Lee
44,tt0259711,2018-02-10,2018-02-10,,Vanilla Sky,https://www.imdb.com/title/tt0259711/,movie,6.9,136,2001,"Fantasy, Mystery, Romance, Sci-Fi, Thriller",222043,2001-12-10,Cameron Crowe
45,tt1125621,2018-02-10,2018-02-10,,Ninja Turtles: The Next Mutation: East Meets West: Part 1,https://www.imdb.com/title/tt1125621/,tvEpisode,6.3,21,1997,"Action, Adventure, Comedy, Family, Sci-Fi",38,1997-09-12,Robert Lee
46,tt0073195,2018-02-10,2018-02-10,,Jaws,https://www.imdb.com/title/tt0073195/,movie,8.0,124,1975,"Adventure, Drama, Thriller",467412,1975-06-20,Steven Spielberg
47,tt0094074,2018-02-10,2018-02-10,,Superman IV: The Quest for Peace,https://www.imdb.com/title/tt0094074/,movie,3.7,90,1987,"Action, Adventure, Family, Sci-Fi",36578,1987-07-23,Sidney J. Furie
48,tt0101410,2018-02-10,2018-02-10,,Barton Fink,https://www.imdb.com/title/tt0101410/,movie,7.7,116,1991,"Comedy, Drama, Thriller",97862,1991-05-18,"Ethan Coen, Joel Coen"
49,tt0101540,2018-02-10,2018-02-10,,Cape Fear,https://www.imdb.com/title/tt0101540/,movie,7.3,128,1991,"Crime, Thriller",141441,1991-10-06,Martin Scorsese
50,tt0117333,2018-02-10,2018-02-10,,Phenomenon,https://www.imdb.com/title/tt0117333/,movie,6.4,123,1996,"Drama, Fantasy, Romance, Sci-Fi",67788,1996-06-22,Jon Turteltaub
51,tt0092798,2018-02-10,2018-02-10,,Critical Condition,https://www.imdb.com/title/tt0092798/,movie,5.2,100,1987,Comedy,2499,1987-01-16,Michael Apted
52,tt1500491,2018-02-10,2018-02-10,,Death Race 2,https://www.imdb.com/title/tt1500491/,video,5.6,100,2010,"Action, Sci-Fi, Thriller",26680,2010-12-27,Roel Reiné
53,tt0095107,2018-02-10,2018-02-10,,Ernest Saves Christmas,https://www.imdb.com/title/tt0095107/,movie,5.6,95,1988,"Comedy, Family, Fantasy",8791,1988-11-11,John R. Cherry III
54,tt0117500,2018-02-10,2018-02-10,,The Rock,https://www.imdb.com/title/tt0117500/,movie,7.4,136,1996,"Action, Adventure, Thriller",278394,1996-06-07,Michael Bay
55,tt0702763,2018-02-10,2018-02-10,,Sliders: Season's Greedings,https://www.imdb.com/title/tt0702763/,tvEpisode,7.3,45,1996,"Sci-Fi, Adventure, Fantasy",139,1996-12-20,Richard Compton
56,tt0113492,2018-02-10,2018-02-10,,Judge Dredd,https://www.imdb.com/title/tt0113492/,movie,5.5,96,1995,"Action, Crime, Sci-Fi, Thriller",96793,1995-06-30,Danny Cannon
57,tt0107969,2018-02-10,2018-02-10,,Rising Sun,https://www.imdb.com/title/tt0107969/,movie,6.2,125,1993,"Action, Crime, Drama, Mystery, Thriller",37663,1993-07-30,Philip Kaufman
58,tt0076666,2018-02-10,2018-02-10,,Saturday Night Fever,https://www.imdb.com/title/tt0076666/,movie,6.8,118,1977,"Drama, Music",59807,1977-12-12,John Badham
59,tt0070294,2018-02-10,2018-02-10,,The Legend of Hell House,https://www.imdb.com/title/tt0070294/,movie,6.8,95,1973,Horror,10255,1973-06-15,John Hough
60,tt0450345,2018-02-10,2018-02-10,,The Wicker Man,https://www.imdb.com/title/tt0450345/,movie,3.7,102,2006,"Horror, Mystery, Thriller",57041,2006-08-31,Neil LaBute
61,tt0100260,2018-02-10,2018-02-10,,Nightbreed,https://www.imdb.com/title/tt0100260/,movie,6.6,102,1990,"Action, Fantasy, Horror",16083,1990-02-16,Clive Barker
62,tt3774802,2018-02-11,2018-02-11,,Pandemic,https://www.imdb.com/title/tt3774802/,movie,4.5,91,2016,"Action, Horror, Sci-Fi, Thriller",6423,2016-02-26,John Suits
63,tt0101272,2018-02-11,2018-02-11,,The Addams Family,https://www.imdb.com/title/tt0101272/,movie,6.9,99,1991,"Comedy, Fantasy",107211,1991-11-19,Barry Sonnenfeld
64,tt1783732,2018-02-11,2018-02-11,,John Dies at the End,https://www.imdb.com/title/tt1783732/,movie,6.4,99,2012,"Comedy, Horror, Sci-Fi",32828,2012-01-23,Don Coscarelli
65,tt0398165,2018-02-11,2018-02-11,,The Longest Yard,https://www.imdb.com/title/tt0398165/,movie,6.4,113,2005,"Comedy, Crime, Sport",142280,2005-05-19,Peter Segal
66,tt0329774,2018-02-11,2018-02-11,,xXx: State of the Union,https://www.imdb.com/title/tt0329774/,movie,4.4,101,2005,"Action, Adventure, Crime, Drama, Mystery, Thriller",60000,2005-04-27,Lee Tamahori
67,tt0599752,2018-02-11,2018-02-11,,Hercules: The Legendary Journeys: Eye of the Beholder,https://www.imdb.com/title/tt0599752/,tvEpisode,7.0,44,1995,"Action, Adventure, Drama, Fantasy, Romance",209,1995-01-23,John T. Kretchmer
68,tt0187738,2018-02-11,2018-02-11,,Blade II,https://www.imdb.com/title/tt0187738/,movie,6.7,117,2002,"Action, Horror, Sci-Fi, Thriller",174757,2002-03-21,Guillermo del Toro
69,tt0734600,2018-02-11,2018-02-11,,"The Twilight Zone: Nightmare at 20,000 Feet",https://www.imdb.com/title/tt0734600/,tvEpisode,9.2,25,1963,"Fantasy, Horror, Mystery, Sci-Fi, Thriller",2513,1963-10-11,Richard Donner
70,tt0416449,2018-02-11,2018-02-11,,300,https://www.imdb.com/title/tt0416449/,movie,7.7,117,2006,"Action, Fantasy",659085,2006-12-09,Zack Snyder
71,tt0120667,2018-02-11,2018-02-11,,Fantastic Four,https://www.imdb.com/title/tt0120667/,movie,5.7,106,2005,"Action, Adventure, Family, Fantasy, Sci-Fi",283880,2005-06-29,Tim Story
72,tt0085382,2018-02-11,2018-02-11,,Cujo,https://www.imdb.com/title/tt0085382/,movie,6.0,93,1983,"Horror, Thriller",31194,1983-08-10,Lewis Teague
73,tt0318649,2018-02-11,2018-02-11,,Sahara,https://www.imdb.com/title/tt0318649/,movie,6.0,124,2005,"Action, Adventure, Comedy, Thriller",82760,2005-04-04,Breck Eisner
74,tt0083866,2018-02-11,2018-02-11,,E.T. the Extra-Terrestrial,https://www.imdb.com/title/tt0083866/,movie,7.9,115,1982,"Family, Sci-Fi",313226,1982-05-26,Steven Spielberg
75,tt0382625,2018-02-11,2018-02-11,,The Da Vinci Code,https://www.imdb.com/title/tt0382625/,movie,6.6,149,2006,"Mystery, Thriller",351563,2006-05-17,Ron Howard
76,tt0708473,2018-02-11,2018-02-11,,Star Trek: The Naked Time,https://www.imdb.com/title/tt0708473/,tvEpisode,8.0,50,1966,"Action, Adventure, Mystery, Sci-Fi",2370,1966-09-29,Marc Daniels
77,tt0117331,2018-02-11,2018-02-11,,The Phantom,https://www.imdb.com/title/tt0117331/,movie,4.9,100,1996,"Action, Adventure, Comedy, Fantasy",29275,1996-06-07,Simon Wincer
78,tt0098453,2018-02-11,2018-02-11,,Teen Witch,https://www.imdb.com/title/tt0098453/,movie,6.2,90,1989,"Comedy, Family, Fantasy, Romance",6893,1989-04-28,Dorian Walker
79,tt0322259,2018-02-11,2018-02-11,,2 Fast 2 Furious,https://www.imdb.com/title/tt0322259/,movie,5.9,107,2003,"Action, Crime, Thriller",215716,2003-06-03,John Singleton
80,tt0120184,2018-02-11,2018-02-11,,Sphere,https://www.imdb.com/title/tt0120184/,movie,6.1,134,1998,"Drama, Horror, Mystery, Sci-Fi, Thriller",88875,1998-02-13,Barry Levinson
81,tt0118884,2018-02-11,2018-02-11,,Contact,https://www.imdb.com/title/tt0118884/,movie,7.4,150,1997,"Drama, Mystery, Sci-Fi, Thriller",222264,1997-07-11,Robert Zemeckis
82,tt0083658,2018-02-12,2018-02-12,,Blade Runner,https://www.imdb.com/title/tt0083658/,movie,8.2,117,1982,"Sci-Fi, Thriller",565674,1982-06-25,Ridley Scott
83,tt0120053,2018-02-12,2018-02-12,,The Saint,https://www.imdb.com/title/tt0120053/,movie,6.2,116,1997,"Action, Adventure, Romance, Sci-Fi, Thriller",55236,1997-04-03,Phillip Noyce
84,tt0402022,2018-02-12,2018-02-12,,Æon Flux,https://www.imdb.com/title/tt0402022/,movie,5.5,93,2005,"Action, Sci-Fi",115716,2005-12-01,Karyn Kusama
85,tt0832415,2018-02-12,2018-02-12,,"Star Trek: More Tribbles, More Troubles",https://www.imdb.com/title/tt0832415/,tvEpisode,7.2,24,1973,"Animation, Action, Adventure, Family, Sci-Fi",388,1973-10-06,Hal Sutherland
86,tt0360486,2018-02-12,2018-02-12,,Constantine,https://www.imdb.com/title/tt0360486/,movie,7.0,121,2005,"Drama, Fantasy, Horror, Thriller",258863,2005-02-07,Francis Lawrence
87,tt0120591,2018-02-12,2018-02-12,,Armageddon,https://www.imdb.com/title/tt0120591/,movie,6.6,151,1998,"Action, Adventure, Sci-Fi, Thriller",350569,1998-06-30,Michael Bay
88,tt0212380,2018-02-12,2018-02-12,,Blow Dry,https://www.imdb.com/title/tt0212380/,movie,6.3,94,2001,"Comedy, Drama, Romance",7238,2001-02-01,Paddy Breathnach
89,tt0519741,2018-02-12,2018-02-12,,Battlestar Galactica: Experiment in Terra,https://www.imdb.com/title/tt0519741/,tvEpisode,7.2,60,1979,"Action, Adventure, Sci-Fi",205,1979-03-18,Rod Holcomb
90,tt0088247,2018-02-12,2018-02-12,,The Terminator,https://www.imdb.com/title/tt0088247/,movie,8.0,107,1984,"Action, Sci-Fi",673119,1984-10-26,James Cameron
91,tt0092563,2018-02-12,2018-02-12,,Angel Heart,https://www.imdb.com/title/tt0092563/,movie,7.3,113,1987,"Horror, Mystery, Thriller",68739,1987-03-06,Alan Parker
92,tt0172156,2018-02-12,2018-02-12,,Bad Boys II,https://www.imdb.com/title/tt0172156/,movie,6.6,147,2003,"Action, Comedy, Crime, Drama, Thriller",193780,2003-07-09,Michael Bay
93,tt0131646,2018-02-12,2018-02-12,,Wing Commander,https://www.imdb.com/title/tt0131646/,movie,4.2,100,1999,"Action, Adventure, Sci-Fi",15244,1999-03-12,Chris Roberts
94,tt2488496,2018-02-12,2018-02-12,,Star Wars: Episode VII - The Force Awakens,https://www.imdb.com/title/tt2488496/,movie,8.0,136,2015,"Action, Adventure, Fantasy, Sci-Fi",726236,2015-12-14,J.J. Abrams
95,tt0097987,2018-02-12,2018-02-12,,No Holds Barred,https://www.imdb.com/title/tt0097987/,movie,4.3,93,1989,"Action, Sport",5066,1989-06-02,Thomas J. Wright
96,tt0083944,2018-02-12,2018-02-12,,First Blood,https://www.imdb.com/title/tt0083944/,movie,7.7,93,1982,"Action, Adventure, Drama",189063,1982-10-22,Ted Kotcheff
97,tt2996648,2018-02-12,2018-02-12,,Bad Ass 2: Bad Asses,https://www.imdb.com/title/tt2996648/,video,5.6,91,2014,"Action, Comedy, Drama",3924,2014-02-17,Craig Moss
98,tt0097493,2018-02-12,2018-02-12,,Heathers,https://www.imdb.com/title/tt0097493/,movie,7.3,103,1988,Comedy,69473,1988-10-01,Michael Lehmann
99,tt0507156,2018-02-12,2018-02-12,,Airwolf: One Way Express,https://www.imdb.com/title/tt0507156/,tvEpisode,7.6,60,1984,"Action, Adventure, Sci-Fi",75,1984-02-18,Alan J. Levi
100,tt0093560,2018-02-12,2018-02-12,,The Monster Squad,https://www.imdb.com/title/tt0093560/,movie,7.1,79,1987,"Action, Comedy, Fantasy, Horror",22137,1987-08-14,Fred Dekker
101,tt0591354,2018-02-12,2018-02-12,,Goosebumps: Night of the Living Dummy III: Part 1,https://www.imdb.com/title/tt0591354/,tvEpisode,8.1,22,1997,"Comedy, Family, Fantasy, Horror, Mystery, Thriller",208,1997-07-20,Timothy Bond
102,tt0591355,2018-02-12,2018-02-12,,Goosebumps: Night of the Living Dummy III: Part 2,https://www.imdb.com/title/tt0591355/,tvEpisode,8.2,22,1997,"Comedy, Family, Fantasy, Horror, Mystery, Thriller",175,1997-07-20,Timothy Bond
103,tt0092005,2018-02-12,2018-02-12,,Stand by Me,https://www.imdb.com/title/tt0092005/,movie,8.1,89,1986,"Adventure, Drama",307241,1986-08-06,Rob Reiner
104,tt0681174,2018-02-12,2018-02-12,,"Quantum Leap: The Boogieman - October 31, 1964",https://www.imdb.com/title/tt0681174/,tvEpisode,8.2,47,1990,"Action, Adventure, Drama, Mystery, Sci-Fi",263,1990-10-26,Joe Napolitano
105,tt0708723,2018-02-12,2018-02-12,,Star Trek: The Next Generation: Genesis,https://www.imdb.com/title/tt0708723/,tvEpisode,7.2,46,1994,"Action, Adventure, Mystery, Sci-Fi",1265,1994-03-19,Gates McFadden
106,tt0046534,2018-02-12,2018-02-12,,The War of the Worlds,https://www.imdb.com/title/tt0046534/,movie,7.1,85,1953,"Action, Sci-Fi, Thriller",27687,1953-04-03,Byron Haskin
107,tt0055608,2018-02-12,2018-02-12,,Voyage to the Bottom of the Sea,https://www.imdb.com/title/tt0055608/,movie,6.1,105,1961,"Action, Adventure, Sci-Fi",4762,1961-07-12,Irwin Allen
108,tt0638788,2018-02-12,2018-02-12,,MacGyver: The Outsiders,https://www.imdb.com/title/tt0638788/,tvEpisode,7.7,48,1988,"Action, Adventure, Crime, Drama",172,1988-11-28,Michael Vejar
109,tt0068935,2018-02-12,2018-02-12,,Meng long guo jiang,https://www.imdb.com/title/tt0068935/,movie,7.3,100,1972,"Action, Adventure, Crime, Drama, Thriller",26160,1972-06-01,Bruce Lee
110,tt1234721,2018-02-12,2018-02-12,,RoboCop,https://www.imdb.com/title/tt1234721/,movie,6.2,117,2014,"Action, Crime, Sci-Fi, Thriller",196595,2014-01-30,José Padilha
111,tt0098141,2018-02-12,2018-02-12,,The Punisher,https://www.imdb.com/title/tt0098141/,movie,5.7,89,1989,"Action, Crime, Drama, Thriller",18264,1989-10-05,Mark Goldblatt
112,tt0338337,2018-02-12,2018-02-12,,Paycheck,https://www.imdb.com/title/tt0338337/,movie,6.3,119,2003,"Action, Mystery, Sci-Fi, Thriller",94762,2003-12-25,John Woo
113,tt0063462,2018-02-12,2018-02-12,,The Producers,https://www.imdb.com/title/tt0063462/,movie,7.7,88,1967,Comedy,43541,1967-11-22,Mel Brooks
114,tt0081696,2018-02-12,2018-02-12,,Urban Cowboy,https://www.imdb.com/title/tt0081696/,movie,6.2,132,1980,"Drama, Romance, Western",11084,1980-06-06,James Bridges
115,tt1446632,2018-02-12,2018-02-12,,Supaidâman: Fukushû no toki wa kitareri! Ute tetsu jûji dan!!,https://www.imdb.com/title/tt1446632/,tvEpisode,5.7,30,1978,"Action, Adventure, Family, Sci-Fi",9,1978-05-17,Koichi Takemoto
116,tt0639729,2018-02-12,2018-02-12,,"Magnum, P.I.: The Arrow That Is Not Aimed",https://www.imdb.com/title/tt0639729/,tvEpisode,7.8,60,1983,"Action, Adventure, Crime, Drama, Mystery, Thriller",114,1983-01-27,James Frawley
117,tt0110027,2018-02-12,2018-02-12,,Highlander III: The Sorcerer,https://www.imdb.com/title/tt0110027/,movie,4.4,99,1994,"Action, Fantasy, Romance, Sci-Fi",17638,1994-11-30,Andrew Morahan
118,tt0079116,2018-02-12,2018-02-12,,Escape from Alcatraz,https://www.imdb.com/title/tt0079116/,movie,7.6,112,1979,"Biography, Crime, Drama, Thriller",96397,1979-06-22,Don Siegel
119,tt0120755,2018-02-12,2018-02-12,,Mission: Impossible II,https://www.imdb.com/title/tt0120755/,movie,6.1,123,2000,"Action, Adventure, Thriller",265286,2000-05-18,John Woo
120,tt0330793,2018-02-12,2018-02-12,,The Punisher,https://www.imdb.com/title/tt0330793/,movie,6.5,124,2004,"Action, Adventure, Crime, Drama, Thriller",135394,2004-04-12,Jonathan Hensleigh
121,tt0120241,2018-02-12,2018-02-12,,Suicide Kings,https://www.imdb.com/title/tt0120241/,movie,7.0,106,1997,"Comedy, Drama, Mystery, Thriller, Crime",23701,1997-09-06,Peter O'Fallon
122,tt0116861,2018-02-12,2018-02-12,,Leprechaun 4: In Space,https://www.imdb.com/title/tt0116861/,video,3.5,95,1996,"Comedy, Fantasy, Horror, Sci-Fi",5035,1996-01-01,Brian Trenchard-Smith
123,tt0074751,2018-02-12,2018-02-12,,King Kong,https://www.imdb.com/title/tt0074751/,movie,5.9,134,1976,"Adventure, Horror",25631,1976-09-08,John Guillermin
124,tt0092493,2018-02-12,2018-02-12,,'Crocodile' Dundee II,https://www.imdb.com/title/tt0092493/,movie,5.5,108,1988,"Action, Adventure, Comedy",47647,1988-05-20,John Cornell
125,tt0303017,2018-02-12,2018-02-12,,Scorcher,https://www.imdb.com/title/tt0303017/,movie,3.7,91,2002,"Action, Adventure, Drama, Sci-Fi, Thriller",1245,2002-05-28,James Seale
126,tt0091326,2018-02-12,2018-02-12,,The Karate Kid Part II,https://www.imdb.com/title/tt0091326/,movie,5.9,113,1986,"Action, Family, Romance, Sport",59983,1986-06-19,John G. Avildsen
127,tt0097138,2018-02-12,2018-02-12,,Cyborg,https://www.imdb.com/title/tt0097138/,movie,5.0,86,1989,"Action, Sci-Fi, Thriller",25393,1989-04-07,Albert Pyun
128,tt0751126,2018-02-12,2018-02-12,,The X Files: First Person Shooter,https://www.imdb.com/title/tt0751126/,tvEpisode,6.5,45,2000,"Drama, Mystery, Sci-Fi, Thriller",2106,2000-02-27,Chris Carter
129,tt0094077,2018-02-12,2018-02-12,,Surf Nazis Must Die,https://www.imdb.com/title/tt0094077/,movie,3.5,83,1987,"Action, Comedy, Drama, Horror",4366,1987-07-03,Peter George
130,tt0100802,2018-02-12,2018-02-12,,Total Recall,https://www.imdb.com/title/tt0100802/,movie,7.5,113,1990,"Action, Sci-Fi, Thriller",262329,1990-05-31,Paul Verhoeven
131,tt0065126,2018-02-12,2018-02-12,,True Grit,https://www.imdb.com/title/tt0065126/,movie,7.4,128,1969,"Adventure, Drama, Western",36394,1969-06-11,Henry Hathaway
132,tt0100502,2018-02-12,2018-02-12,,RoboCop 2,https://www.imdb.com/title/tt0100502/,movie,5.8,117,1990,"Action, Crime, Sci-Fi, Thriller",70326,1990-06-22,Irvin Kershner
133,tt0271946,2018-02-12,2018-02-12,,Te wu mi cheng,https://www.imdb.com/title/tt0271946/,movie,5.9,108,2001,"Action, Comedy, Crime, Mystery, Thriller",13949,2001-01-18,Teddy Chan
134,tt0070531,2018-02-12,2018-02-12,,Phase IV,https://www.imdb.com/title/tt0070531/,movie,6.6,84,1974,"Horror, Sci-Fi, Thriller",5706,1974-09-01,Saul Bass
135,tt0099052,2018-02-12,2018-02-12,,Arachnophobia,https://www.imdb.com/title/tt0099052/,movie,6.4,103,1990,"Comedy, Fantasy, Horror, Thriller",54558,1990-07-18,Frank Marshall
136,tt0106918,2018-02-12,2018-02-12,,The Firm,https://www.imdb.com/title/tt0106918/,movie,6.8,154,1993,"Drama, Mystery, Thriller",97564,1993-06-23,Sydney Pollack
137,tt0120008,2018-02-12,2018-02-12,,The Replacement Killers,https://www.imdb.com/title/tt0120008/,movie,6.1,87,1998,"Action, Crime, Thriller",24564,1998-01-12,Antoine Fuqua
138,tt0089927,2018-02-12,2018-02-12,,Rocky IV,https://www.imdb.com/title/tt0089927/,movie,6.8,91,1985,"Drama, Sport",152675,1985-11-21,Sylvester Stallone
139,tt0096895,2018-02-12,2018-02-12,,Batman,https://www.imdb.com/title/tt0096895/,movie,7.6,126,1989,"Action, Adventure",294719,1989-06-19,Tim Burton
140,tt0077745,2018-02-12,2018-02-12,,Invasion of the Body Snatchers,https://www.imdb.com/title/tt0077745/,movie,7.4,115,1978,"Horror, Sci-Fi",42180,1978-12-22,Philip Kaufman
141,tt0100758,2018-02-12,2018-02-12,,Teenage Mutant Ninja Turtles,https://www.imdb.com/title/tt0100758/,movie,6.7,93,1990,"Action, Adventure, Comedy, Family, Sci-Fi",74471,1990-03-30,Steve Barron
142,tt0109254,2018-02-12,2018-02-12,,Beverly Hills Cop III,https://www.imdb.com/title/tt0109254/,movie,5.5,104,1994,"Action, Comedy, Crime, Thriller",66091,1994-05-25,John Landis
143,tt0504160,2018-02-12,2018-02-12,,The A-Team: Cowboy George,https://www.imdb.com/title/tt0504160/,tvEpisode,7.1,49,1986,"Action, Adventure, Crime",158,1986-02-11,Tony Mordente
144,tt0099371,2018-02-12,2018-02-12,,Days of Thunder,https://www.imdb.com/title/tt0099371/,movie,5.9,107,1990,"Action, Drama, Sport",66636,1990-06-27,Tony Scott
145,tt0107387,2018-02-12,2018-02-12,,Leprechaun,https://www.imdb.com/title/tt0107387/,movie,4.7,92,1993,"Comedy, Fantasy, Horror",19069,1993-01-08,Mark Jones
146,tt0708485,2018-02-12,2018-02-12,,Star Trek: Turnabout Intruder,https://www.imdb.com/title/tt0708485/,tvEpisode,6.9,51,1969,"Action, Adventure, Mystery, Sci-Fi",1348,1969-06-03,Herb Wallerstein
147,tt0319262,2018-02-12,2018-02-12,,The Day After Tomorrow,https://www.imdb.com/title/tt0319262/,movie,6.4,124,2004,"Action, Adventure, Sci-Fi, Thriller",363237,2004-05-17,Roland Emmerich
148,tt0092675,2018-02-12,2018-02-12,,Bloodsport,https://www.imdb.com/title/tt0092675/,movie,6.8,92,1988,"Action, Biography, Drama, Sport",64869,1988-02-26,Newt Arnold
149,tt2724064,2018-02-12,2018-02-12,,Sharknado,https://www.imdb.com/title/tt2724064/,tvMovie,3.3,86,2013,"Action, Comedy, Horror, Sci-Fi",39621,2013-07-11,Anthony C. Ferrante
150,tt0120696,2018-02-12,2018-02-12,,Hard Rain,https://www.imdb.com/title/tt0120696/,movie,5.8,97,1998,"Action, Crime, Drama, Thriller",28895,1998-01-16,Mikael Salomon
151,tt0119177,2018-02-12,2018-02-12,,Gattaca,https://www.imdb.com/title/tt0119177/,movie,7.8,106,1997,"Drama, Sci-Fi, Thriller",243572,1997-09-07,Andrew Niccol
152,tt0111512,2018-02-12,2018-02-12,,Jui kuen II,https://www.imdb.com/title/tt0111512/,movie,7.6,102,1994,"Action, Comedy",37828,1994-02-03,Chia-Liang Liu
153,tt0048991,2018-02-12,2018-02-12,,The Beast with a Million Eyes,https://www.imdb.com/title/tt0048991/,movie,3.4,75,1955,"Horror, Sci-Fi",1071,1955-06-15,"Lou Place, Roger Corman, David Kramarsky"
154,tt0567213,2018-02-12,2018-02-12,,The Dukes of Hazzard: Strange Visitor to Hazzard,https://www.imdb.com/title/tt0567213/,tvEpisode,6.7,60,1985,"Action, Comedy",45,1985-01-25,Sorrell Booke
155,tt0181689,2018-02-12,2018-02-12,,Minority Report,https://www.imdb.com/title/tt0181689/,movie,7.7,145,2002,"Action, Adventure, Crime, Drama, Mystery, Sci-Fi, Thriller",439812,2002-06-17,Steven Spielberg
156,tt0095989,2018-02-12,2018-02-12,,Return of the Killer Tomatoes!,https://www.imdb.com/title/tt0095989/,movie,5.2,98,1988,"Comedy, Horror, Sci-Fi",5939,1988-04-22,John De Bello
157,tt0129332,2018-02-12,2018-02-12,,Ravenous,https://www.imdb.com/title/tt0129332/,movie,7.0,101,1999,Horror,32535,1999-03-16,Antonia Bird
158,tt0091499,2018-02-12,2018-02-12,,Maximum Overdrive,https://www.imdb.com/title/tt0091499/,movie,5.4,98,1986,"Action, Comedy, Horror, Sci-Fi",25504,1986-07-25,Stephen King
159,tt0088993,2018-02-12,2018-02-12,,Day of the Dead,https://www.imdb.com/title/tt0088993/,movie,7.2,96,1985,"Horror, Thriller",54502,1985-06-30,George A. Romero
160,tt0081353,2018-02-12,2018-02-12,,Popeye,https://www.imdb.com/title/tt0081353/,movie,5.2,114,1980,"Adventure, Comedy, Family, Fantasy, Musical, Romance",25409,1980-12-12,Robert Altman
161,tt0092991,2018-02-12,2018-02-12,,Evil Dead II,https://www.imdb.com/title/tt0092991/,movie,7.8,84,1987,"Comedy, Horror",126241,1987-03-13,Sam Raimi
162,tt0245803,2018-02-12,2018-02-12,,Bulletproof Monk,https://www.imdb.com/title/tt0245803/,movie,5.5,104,2003,"Action, Comedy, Fantasy, Romance",44438,2003-04-16,Paul Hunter
163,tt0120004,2018-02-12,2018-02-12,,The Relic,https://www.imdb.com/title/tt0120004/,movie,5.7,110,1997,"Horror, Mystery, Sci-Fi, Thriller",20929,1997-01-10,Peter Hyams
164,tt0072856,2018-02-12,2018-02-12,,Death Race 2000,https://www.imdb.com/title/tt0072856/,movie,6.2,80,1975,"Action, Comedy, Sci-Fi, Sport",21539,1975-04-27,Paul Bartel
165,tt0102558,2018-02-12,2018-02-12,,Nothing But Trouble,https://www.imdb.com/title/tt0102558/,movie,4.9,94,1991,Comedy,19128,1991-02-15,Dan Aykroyd
166,tt0079945,2018-02-12,2018-02-12,,Star Trek: The Motion Picture,https://www.imdb.com/title/tt0079945/,movie,6.4,132,1979,"Adventure, Mystery, Sci-Fi",70021,1979-12-06,Robert Wise
167,tt0120804,2018-02-12,2018-02-12,,Resident Evil,https://www.imdb.com/title/tt0120804/,movie,6.7,100,2002,"Action, Horror, Sci-Fi",219823,2002-03-12,Paul W.S. Anderson
168,tt1764651,2018-02-12,2018-02-12,,The Expendables 2,https://www.imdb.com/title/tt1764651/,movie,6.6,103,2012,"Action, Adventure, Thriller",265314,2012-08-08,Simon West
169,tt0112715,2018-02-12,2018-02-12,,Congo,https://www.imdb.com/title/tt0112715/,movie,5.1,109,1995,"Action, Adventure, Mystery, Sci-Fi",37263,1995-06-09,Frank Marshall
170,tt0081259,2018-02-12,2018-02-12,,The Octagon,https://www.imdb.com/title/tt0081259/,movie,5.1,103,1980,"Action, Drama, Romance, Thriller",4124,1980-08-15,Eric Karson
171,tt0078767,2018-02-12,2018-02-12,,The Amityville Horror,https://www.imdb.com/title/tt0078767/,movie,6.2,117,1979,Horror,30283,1979-07-27,Stuart Rosenberg
172,tt0043778,2018-02-12,2018-02-12,,The Man from Planet X,https://www.imdb.com/title/tt0043778/,movie,5.7,71,1951,"Horror, Romance, Sci-Fi, Thriller",2003,1951-03-09,Edgar G. Ulmer
173,tt1549920,2018-02-12,2018-02-12,,The Last Stand,https://www.imdb.com/title/tt1549920/,movie,6.4,107,2013,"Action, Crime, Thriller",121866,2013-01-12,Jee-woon Kim
174,tt0052564,2018-02-12,2018-02-12,,The Angry Red Planet,https://www.imdb.com/title/tt0052564/,movie,5.2,83,1959,"Adventure, Sci-Fi",2358,1959-11-23,Ib Melchior
175,tt0300556,2018-02-12,2018-02-12,,Timeline,https://www.imdb.com/title/tt0300556/,movie,5.6,116,2003,"Action, Adventure, Sci-Fi",55587,2003-11-19,Richard Donner
176,tt0098206,2018-02-12,2018-02-12,,Road House,https://www.imdb.com/title/tt0098206/,movie,6.5,114,1989,"Action, Thriller",48618,1989-05-19,Rowdy Herrington
177,tt1928330,2018-02-12,2018-02-12,,Bad Ass,https://www.imdb.com/title/tt1928330/,movie,5.5,90,2012,"Action, Comedy, Crime, Drama",17007,2012-04-13,Craig Moss
178,tt0087015,2018-02-12,2018-02-12,,C.H.U.D.,https://www.imdb.com/title/tt0087015/,movie,5.5,88,1984,"Horror, Sci-Fi",8450,1984-08-31,Douglas Cheek
179,tt0816462,2018-02-12,2018-02-12,,Conan the Barbarian,https://www.imdb.com/title/tt0816462/,movie,5.2,113,2011,"Action, Adventure, Fantasy",86946,2011-08-11,Marcus Nispel
180,tt0103064,2018-02-12,2018-02-12,,Terminator 2: Judgment Day,https://www.imdb.com/title/tt0103064/,movie,8.5,137,1991,"Action, Sci-Fi, Thriller",833650,1991-07-01,James Cameron
181,tt0295701,2018-02-12,2018-02-12,,xXx,https://www.imdb.com/title/tt0295701/,movie,5.9,124,2002,"Action, Adventure, Thriller",158402,2002-08-09,Rob Cohen
182,tt0267804,2018-02-12,2018-02-12,,The One,https://www.imdb.com/title/tt0267804/,movie,5.9,87,2001,"Action, Sci-Fi, Thriller",82531,2001-11-02,James Wong
183,tt0116225,2018-02-12,2018-02-12,,Escape from L.A.,https://www.imdb.com/title/tt0116225/,movie,5.7,101,1996,"Action, Adventure, Sci-Fi, Thriller",59865,1996-08-09,John Carpenter
184,tt0862856,2018-02-12,2018-02-12,,Trick 'r Treat,https://www.imdb.com/title/tt0862856/,movie,6.8,82,2007,"Comedy, Horror, Thriller",69559,2007-12-09,Michael Dougherty
185,tt0089885,2018-02-12,2018-02-12,,Re-Animator,https://www.imdb.com/title/tt0089885/,movie,7.2,105,1985,"Comedy, Horror, Sci-Fi",45447,1985-05-24,Stuart Gordon
186,tt0119081,2018-02-12,2018-02-12,,Event Horizon,https://www.imdb.com/title/tt0119081/,movie,6.7,96,1997,"Horror, Sci-Fi, Thriller",133372,1997-08-15,Paul W.S. Anderson
187,tt0113101,2018-02-12,2018-02-12,,Four Rooms,https://www.imdb.com/title/tt0113101/,movie,6.7,98,1995,Comedy,85419,1995-09-16,"Quentin Tarantino, Alexandre Rockwell, Allison Anders, Robert Rodriguez"
188,tt0327850,2018-02-12,2018-02-12,,The Rundown,https://www.imdb.com/title/tt0327850/,movie,6.7,104,2003,"Action, Adventure, Comedy, Thriller",88521,2003-09-22,Peter Berg
189,tt0087277,2018-02-12,2018-02-12,,Footloose,https://www.imdb.com/title/tt0087277/,movie,6.5,107,1984,"Drama, Music, Romance",58671,1984-02-17,Herbert Ross
190,tt0146316,2018-02-12,2018-02-12,,Lara Croft: Tomb Raider,https://www.imdb.com/title/tt0146316/,movie,5.8,100,2001,"Action, Adventure, Fantasy, Thriller",171174,2001-06-11,Simon West
191,tt0079574,2018-02-12,2018-02-12,,Moonraker,https://www.imdb.com/title/tt0079574/,movie,6.3,126,1979,"Action, Adventure, Sci-Fi, Thriller",76570,1979-06-26,Lewis Gilbert
192,tt0090021,2018-02-12,2018-02-12,,Silver Bullet,https://www.imdb.com/title/tt0090021/,movie,6.4,95,1985,Horror,18996,1985-10-11,Daniel Attias
193,tt0117060,2018-02-12,2018-02-12,,Mission: Impossible,https://www.imdb.com/title/tt0117060/,movie,7.1,110,1996,"Action, Adventure, Thriller",329425,1996-05-20,Brian De Palma
194,tt0073631,2018-02-12,2018-02-12,,Rollerball,https://www.imdb.com/title/tt0073631/,movie,6.6,125,1975,"Action, Sci-Fi, Sport",19114,1975-06-25,Norman Jewison
195,tt0116365,2018-02-12,2018-02-12,,The Frighteners,https://www.imdb.com/title/tt0116365/,movie,7.1,110,1996,"Comedy, Fantasy, Horror",72845,1996-07-17,Peter Jackson
196,tt0164184,2018-02-12,2018-02-12,,The Sum of All Fears,https://www.imdb.com/title/tt0164184/,movie,6.4,124,2002,"Action, Drama, Thriller, War",92260,2002-05-29,Phil Alden Robinson
197,tt0122718,2018-02-12,2018-02-12,,Small Soldiers,https://www.imdb.com/title/tt0122718/,movie,6.1,108,1998,"Action, Adventure, Comedy, Family, Sci-Fi",82337,1998-07-10,Joe Dante
198,tt0088170,2018-02-12,2018-02-12,,Star Trek III: The Search for Spock,https://www.imdb.com/title/tt0088170/,movie,6.7,105,1984,"Action, Adventure, Sci-Fi",64508,1984-06-01,Leonard Nimoy
199,tt0104558,2018-02-12,2018-02-12,,Ging chaat goo si III: Chiu kup ging chaat,https://www.imdb.com/title/tt0104558/,movie,6.9,95,1992,"Action, Comedy, Crime, Thriller",16390,1992-07-04,Stanley Tong
200,tt0086192,2018-02-12,2018-02-12,,Revenge of the Ninja,https://www.imdb.com/title/tt0086192/,movie,6.1,90,1983,"Action, Crime, Drama, Thriller",3567,1983-09-07,Sam Firstenberg
201,tt0075294,2018-02-12,2018-02-12,,Swashbuckler,https://www.imdb.com/title/tt0075294/,movie,6.0,101,1976,"Action, Adventure, Comedy",1290,1976-07-29,James Goldstone
202,tt0087910,2018-02-12,2018-02-12,,The Philadelphia Experiment,https://www.imdb.com/title/tt0087910/,movie,6.1,102,1984,"Adventure, Drama, Romance, Sci-Fi, Thriller",12252,1984-08-03,Stewart Raffill
203,tt0117420,2018-02-12,2018-02-12,,The Quest,https://www.imdb.com/title/tt0117420/,movie,5.5,95,1996,"Action, Adventure, Thriller",20842,1996-04-19,Jean-Claude Van Damme
204,tt1592525,2018-02-12,2018-02-12,,Lockout,https://www.imdb.com/title/tt1592525/,movie,6.1,95,2012,"Action, Adventure, Sci-Fi, Thriller",86683,2012-04-07,"Steve Saint Leger, James Mather"
205,tt0133751,2018-02-12,2018-02-12,,The Faculty,https://www.imdb.com/title/tt0133751/,movie,6.5,104,1998,"Horror, Sci-Fi",98509,1998-11-12,Robert Rodriguez
206,tt0098987,2018-02-12,2018-02-12,,The Adventures of Ford Fairlane,https://www.imdb.com/title/tt0098987/,movie,6.3,104,1990,"Action, Adventure, Comedy, Crime, Music, Mystery",15376,1990-07-11,Renny Harlin
207,tt0093777,2018-02-12,2018-02-12,,Prince of Darkness,https://www.imdb.com/title/tt0093777/,movie,6.7,102,1987,Horror,28889,1987-10-21,John Carpenter
208,tt0075909,2018-02-12,2018-02-12,,Damnation Alley,https://www.imdb.com/title/tt0075909/,movie,5.2,91,1977,Sci-Fi,4121,1977-09-10,Jack Smight
209,tt0399201,2018-02-12,2018-02-12,,The Island,https://www.imdb.com/title/tt0399201/,movie,6.9,136,2005,"Action, Adventure, Romance, Sci-Fi, Thriller",278862,2005-07-11,Michael Bay
210,tt0118615,2018-02-12,2018-02-12,,Anaconda,https://www.imdb.com/title/tt0118615/,movie,4.7,89,1997,"Action, Adventure, Horror, Thriller",81344,1997-04-11,Luis Llosa
211,tt0115759,2018-02-12,2018-02-12,,Broken Arrow,https://www.imdb.com/title/tt0115759/,movie,6.0,108,1996,"Action, Adventure, Thriller",82128,1996-02-05,John Woo
212,tt0119675,2018-02-12,2018-02-12,,Mimic,https://www.imdb.com/title/tt0119675/,movie,5.9,105,1997,"Horror, Sci-Fi",40108,1997-06-01,Guillermo del Toro
213,tt0062711,2018-02-12,2018-02-12,,Barbarella,https://www.imdb.com/title/tt0062711/,movie,5.9,98,1968,"Adventure, Comedy, Fantasy, Sci-Fi",27209,1968-10-10,Roger Vadim
214,tt0383222,2018-02-12,2018-02-12,,BloodRayne,https://www.imdb.com/title/tt0383222/,movie,2.9,95,2005,"Action, Adventure, Fantasy, Horror",31702,2005-10-23,Uwe Boll
215,tt0094961,2018-02-12,2018-02-12,,Dead Heat,https://www.imdb.com/title/tt0094961/,movie,6.0,86,1988,"Action, Comedy, Horror, Sci-Fi, Thriller",5219,1988-05-06,Mark Goldblatt
216,tt0080120,2018-02-12,2018-02-12,,The Warriors,https://www.imdb.com/title/tt0080120/,movie,7.7,92,1979,"Action, Crime, Thriller",79248,1979-02-01,Walter Hill
217,tt0116629,2018-02-12,2018-02-12,,Independence Day,https://www.imdb.com/title/tt0116629/,movie,7.0,145,1996,"Action, Adventure, Sci-Fi",468840,1996-06-25,Roland Emmerich
218,tt0106761,2018-02-12,2018-02-12,,Double Dragon,https://www.imdb.com/title/tt0106761/,movie,3.7,96,1994,"Action, Adventure, Comedy, Sci-Fi",9369,1994-11-04,James Yukich
219,tt0120647,2018-02-12,2018-02-12,,Deep Impact,https://www.imdb.com/title/tt0120647/,movie,6.1,120,1998,"Action, Drama, Romance, Sci-Fi, Thriller",143895,1998-05-07,Mimi Leder
220,tt0090190,2018-02-12,2018-02-12,,The Toxic Avenger,https://www.imdb.com/title/tt0090190/,movie,6.2,82,1984,"Action, Comedy, Horror, Sci-Fi",21050,1984-05-01,"Michael Herz, Lloyd Kaufman"
221,tt1424381,2018-02-12,2018-02-12,,Predators,https://www.imdb.com/title/tt1424381/,movie,6.4,107,2010,"Action, Adventure, Sci-Fi, Thriller",185641,2010-07-07,Nimród Antal
222,tt0238380,2018-02-12,2018-02-12,,Equilibrium,https://www.imdb.com/title/tt0238380/,movie,7.5,107,2002,"Action, Drama, Sci-Fi, Thriller",282123,2002-12-06,Kurt Wimmer
223,tt0387808,2018-02-12,2018-02-12,,Idiocracy,https://www.imdb.com/title/tt0387808/,movie,6.6,84,2006,"Adventure, Comedy, Sci-Fi",121101,2006-09-01,Mike Judge
224,tt0120201,2018-02-12,2018-02-12,,Starship Troopers,https://www.imdb.com/title/tt0120201/,movie,7.2,129,1997,"Action, Adventure, Sci-Fi, Thriller",238914,1997-11-04,Paul Verhoeven
225,tt0963194,2018-02-12,2018-02-12,,Repo! The Genetic Opera,https://www.imdb.com/title/tt0963194/,movie,6.7,98,2008,"Horror, Musical, Sci-Fi",21543,2008-07-18,Darren Lynn Bousman
226,tt0118880,2018-02-12,2018-02-12,,Con Air,https://www.imdb.com/title/tt0118880/,movie,6.8,115,1997,"Action, Crime, Thriller",243227,1997-06-02,Simon West
227,tt0119094,2018-02-12,2018-02-12,,Face/Off,https://www.imdb.com/title/tt0119094/,movie,7.3,138,1997,"Action, Crime, Sci-Fi, Thriller",307071,1997-06-19,John Woo
228,tt0088930,2018-02-12,2018-02-12,,Clue,https://www.imdb.com/title/tt0088930/,movie,7.3,94,1985,"Comedy, Crime, Mystery, Thriller",64103,1985-12-13,Jonathan Lynn
229,tt0093177,2018-02-12,2018-02-12,,Hellraiser,https://www.imdb.com/title/tt0093177/,movie,7.0,94,1987,"Horror, Thriller",85509,1987-05-13,Clive Barker
230,tt0087050,2018-02-12,2018-02-12,,Children of the Corn,https://www.imdb.com/title/tt0087050/,movie,5.6,92,1984,"Horror, Thriller",39496,1984-03-09,Fritz Kiersch
231,tt0118643,2018-02-12,2018-02-12,,The Prophecy II,https://www.imdb.com/title/tt0118643/,video,5.8,87,1998,"Fantasy, Horror, Thriller",6273,1998-01-20,Greg Spence
232,tt0100507,2018-02-12,2018-02-12,,Rocky V,https://www.imdb.com/title/tt0100507/,movie,5.2,104,1990,"Drama, Sport",105030,1990-11-13,John G. Avildsen
233,tt0098084,2018-02-12,2018-02-12,,Pet Sematary,https://www.imdb.com/title/tt0098084/,movie,6.6,103,1989,"Horror, Thriller",72578,1989-04-21,Mary Lambert
234,tt0075989,2018-02-12,2018-02-12,,Empire of the Ants,https://www.imdb.com/title/tt0075989/,movie,4.0,89,1977,"Adventure, Horror, Sci-Fi",3692,1977-06-29,Bert I. Gordon
235,tt0099740,2018-02-12,2018-02-12,,Hardware,https://www.imdb.com/title/tt0099740/,movie,5.9,94,1990,"Sci-Fi, Thriller",10753,1990-08-01,Richard Stanley
236,tt0087538,2018-02-12,2018-02-12,,The Karate Kid,https://www.imdb.com/title/tt0087538/,movie,7.2,126,1984,"Action, Drama, Family, Sport",144800,1984-06-22,John G. Avildsen
237,tt0095652,2018-02-12,2018-02-12,,Monkey Shines,https://www.imdb.com/title/tt0095652/,movie,6.2,113,1988,"Drama, Horror, Sci-Fi, Thriller",8831,1988-07-29,George A. Romero
238,tt0120891,2018-02-12,2018-02-12,,Wild Wild West,https://www.imdb.com/title/tt0120891/,movie,4.8,106,1999,"Action, Comedy, Sci-Fi, Western",138694,1999-06-30,Barry Sonnenfeld
239,tt0082431,2018-02-12,2018-02-12,,Galaxy of Terror,https://www.imdb.com/title/tt0082431/,movie,5.1,81,1981,"Action, Adventure, Horror, Sci-Fi",4755,1981-10-01,Bruce D. Clark
240,tt0243655,2018-02-12,2018-02-12,,Wet Hot American Summer,https://www.imdb.com/title/tt0243655/,movie,6.7,97,2001,"Comedy, Romance",46374,2001-01-23,David Wain
241,tt0068615,2018-02-12,2018-02-12,,Frogs,https://www.imdb.com/title/tt0068615/,movie,4.3,91,1972,"Horror, Mystery, Romance, Sci-Fi, Thriller",4902,1972-03-10,George McCowan
242,tt0119174,2018-02-12,2018-02-12,,The Game,https://www.imdb.com/title/tt0119174/,movie,7.8,129,1997,"Drama, Mystery, Thriller",292178,1997-09-03,David Fincher
243,tt0087799,2018-02-12,2018-02-12,,Night of the Comet,https://www.imdb.com/title/tt0087799/,movie,6.4,95,1984,"Comedy, Horror, Sci-Fi",14646,1984-11-16,Thom Eberhardt
244,tt0115624,2018-02-12,2018-02-12,,Barb Wire,https://www.imdb.com/title/tt0115624/,movie,3.2,98,1996,"Action, Sci-Fi",21943,1996-05-03,David Hogan
245,tt0093507,2018-02-12,2018-02-12,,Masters of the Universe,https://www.imdb.com/title/tt0093507/,movie,5.4,106,1987,"Action, Adventure, Fantasy, Sci-Fi, Thriller",31070,1987-08-07,Gary Goddard
246,tt0479997,2018-02-12,2018-02-12,,Season of the Witch,https://www.imdb.com/title/tt0479997/,movie,5.4,95,2011,"Action, Adventure, Fantasy",81615,2011-01-04,Dominic Sena
247,tt0092967,2018-02-12,2018-02-12,,End of the Line,https://www.imdb.com/title/tt0092967/,movie,5.7,103,1987,"Comedy, Drama, Romance",519,1987-08-28,Jay Russell
248,tt0346156,2018-02-12,2018-02-12,,Sky Captain and the World of Tomorrow,https://www.imdb.com/title/tt0346156/,movie,6.1,106,2004,"Action, Adventure, Mystery, Sci-Fi, Thriller",76191,2004-09-14,Kerry Conran
249,tt0099582,2018-02-12,2018-02-12,,Flatliners,https://www.imdb.com/title/tt0099582/,movie,6.6,115,1990,"Drama, Horror, Sci-Fi, Thriller",70297,1990-08-10,Joel Schumacher
250,tt0107076,2018-02-12,2018-02-12,,Hard Target,https://www.imdb.com/title/tt0107076/,movie,6.1,97,1993,"Action, Thriller",38278,1993-08-20,John Woo
251,tt0092746,2018-02-12,2018-02-12,,Cherry 2000,https://www.imdb.com/title/tt0092746/,movie,5.4,99,1987,"Action, Adventure, Comedy, Sci-Fi",7374,1987-11-12,Steve De Jarnatt
252,tt0106677,2018-02-12,2018-02-12,,Dazed and Confused,https://www.imdb.com/title/tt0106677/,movie,7.7,102,1993,Comedy,136842,1993-08-01,Richard Linklater
253,tt0086999,2018-02-12,2018-02-12,,Breakin' 2: Electric Boogaloo,https://www.imdb.com/title/tt0086999/,movie,5.0,94,1984,"Comedy, Drama, Musical",3047,1984-12-19,Sam Firstenberg
254,tt0079946,2018-02-12,2018-02-12,,Starcrash,https://www.imdb.com/title/tt0079946/,movie,3.8,92,1978,"Action, Adventure, Sci-Fi",4645,1978-12-21,Luigi Cozzi
255,tt0113957,2018-02-12,2018-02-12,,The Net,https://www.imdb.com/title/tt0113957/,movie,5.9,114,1995,"Action, Crime, Drama, Mystery, Thriller",52755,1995-07-25,Irwin Winkler
256,tt0092925,2018-02-12,2018-02-12,,Dragnet,https://www.imdb.com/title/tt0092925/,movie,5.9,106,1987,"Comedy, Crime",27891,1987-06-23,Tom Mankiewicz
257,tt0080736,2018-02-12,2018-02-12,,The Final Countdown,https://www.imdb.com/title/tt0080736/,movie,6.7,103,1980,"Action, Sci-Fi",17783,1980-05-21,Don Taylor
258,tt0098439,2018-02-12,2018-02-12,,Tango & Cash,https://www.imdb.com/title/tt0098439/,movie,6.4,104,1989,"Action, Comedy, Crime, Thriller",82958,1989-12-22,"Albert Magnoli, Andrey Konchalovskiy"
259,tt0045073,2018-02-12,2018-02-12,,Red Planet Mars,https://www.imdb.com/title/tt0045073/,movie,4.9,87,1952,"Drama, Sci-Fi",925,1952-05-15,Harry Horner
260,tt0080319,2018-02-12,2018-02-12,,Nine to Five,https://www.imdb.com/title/tt0080319/,movie,6.7,109,1980,Comedy,22416,1980-12-19,Colin Higgins
261,tt0091203,2018-02-12,2018-02-12,,Highlander,https://www.imdb.com/title/tt0091203/,movie,7.2,116,1986,"Action, Adventure, Fantasy",106642,1986-01-01,Russell Mulcahy
262,tt1320253,2018-02-12,2018-02-12,,The Expendables,https://www.imdb.com/title/tt1320253/,movie,6.5,103,2010,"Action, Adventure, Thriller",293068,2010-08-03,Sylvester Stallone
263,tt0083131,2018-02-12,2018-02-12,,Stripes,https://www.imdb.com/title/tt0083131/,movie,6.9,106,1981,"Comedy, War",53959,1981-06-26,Ivan Reitman
264,tt0095016,2018-02-12,2018-02-12,,Die Hard,https://www.imdb.com/title/tt0095016/,movie,8.2,132,1988,"Action, Thriller",664254,1988-07-12,John McTiernan
265,tt0107362,2018-02-12,2018-02-12,,Last Action Hero,https://www.imdb.com/title/tt0107362/,movie,6.3,130,1993,"Action, Adventure, Comedy, Fantasy",116760,1993-06-13,John McTiernan
266,tt0097733,2018-02-12,2018-02-12,,Lethal Weapon 2,https://www.imdb.com/title/tt0097733/,movie,7.2,114,1989,"Action, Crime, Thriller",140523,1989-07-05,Richard Donner
267,tt0116830,2018-02-12,2018-02-12,,Last Man Standing,https://www.imdb.com/title/tt0116830/,movie,6.4,101,1996,"Action, Crime, Drama, Thriller",47729,1996-09-14,Walter Hill
268,tt0110478,2018-02-12,2018-02-12,,Maverick,https://www.imdb.com/title/tt0110478/,movie,7.0,127,1994,"Action, Adventure, Comedy, Thriller, Western",89861,1994-05-20,Richard Donner
269,tt0078350,2018-02-12,2018-02-12,,The Swarm,https://www.imdb.com/title/tt0078350/,movie,4.4,116,1978,"Horror, Thriller",5747,1978-07-14,Irwin Allen
270,tt0076729,2018-02-12,2018-02-12,,Smokey and the Bandit,https://www.imdb.com/title/tt0076729/,movie,6.9,96,1977,"Action, Comedy",35824,1977-05-19,Hal Needham
271,tt0081633,2018-02-12,2018-02-12,,Time Bandits,https://www.imdb.com/title/tt0081633/,movie,7.0,116,1981,"Adventure, Comedy, Fantasy, Sci-Fi",49955,1981-07-10,Terry Gilliam
272,tt0096426,2018-02-12,2018-02-12,,Waxwork,https://www.imdb.com/title/tt0096426/,movie,6.2,95,1988,"Comedy, Horror",8893,1988-06-17,Anthony Hickox
273,tt0116367,2018-02-12,2018-02-12,,From Dusk Till Dawn,https://www.imdb.com/title/tt0116367/,movie,7.3,108,1996,"Action, Crime, Horror",242255,1996-01-19,Robert Rodriguez
274,tt0094012,2018-02-12,2018-02-12,,Spaceballs,https://www.imdb.com/title/tt0094012/,movie,7.1,96,1987,"Adventure, Comedy, Sci-Fi",149596,1987-06-24,Mel Brooks
275,tt0105104,2018-02-12,2018-02-12,,Passenger 57,https://www.imdb.com/title/tt0105104/,movie,5.9,84,1992,"Action, Crime, Thriller",39853,1992-11-06,Kevin Hooks
276,tt0093148,2018-02-12,2018-02-12,,Harry and the Hendersons,https://www.imdb.com/title/tt0093148/,movie,5.9,110,1987,"Comedy, Family, Fantasy",26691,1987-06-05,William Dear
277,tt0084787,2018-02-12,2018-02-12,,The Thing,https://www.imdb.com/title/tt0084787/,movie,8.1,109,1982,"Horror, Mystery, Sci-Fi",298011,1982-06-25,John Carpenter
278,tt0708791,2018-02-12,2018-02-12,,Star Trek: The Next Generation: The Dauphin,https://www.imdb.com/title/tt0708791/,tvEpisode,6.2,45,1989,"Action, Adventure, Mystery, Sci-Fi",1507,1989-02-18,Rob Bowman
279,tt0185183,2018-02-12,2018-02-12,,Battlefield Earth,https://www.imdb.com/title/tt0185183/,movie,2.4,118,2000,"Action, Adventure, Sci-Fi",69064,2000-05-10,Roger Christian
280,tt0097883,2018-02-12,2018-02-12,,Millennium,https://www.imdb.com/title/tt0097883/,movie,5.7,108,1989,"Drama, Mystery, Sci-Fi, Thriller",5329,1989-08-24,Michael Anderson
281,tt0120907,2018-02-12,2018-02-12,,eXistenZ,https://www.imdb.com/title/tt0120907/,movie,6.8,97,1999,"Horror, Sci-Fi, Thriller",83443,1999-02-16,David Cronenberg
282,tt0089489,2018-02-12,2018-02-12,,Lifeforce,https://www.imdb.com/title/tt0089489/,movie,6.1,116,1985,"Action, Horror, Mystery, Romance, Sci-Fi, Thriller",17792,1985-06-21,Tobe Hooper
283,tt0113243,2018-02-12,2018-02-12,,Hackers,https://www.imdb.com/title/tt0113243/,movie,6.2,107,1995,"Comedy, Crime, Drama, Thriller",58609,1995-09-15,Iain Softley
284,tt0708739,2018-02-12,2018-02-12,,Star Trek: The Next Generation: Justice,https://www.imdb.com/title/tt0708739/,tvEpisode,6.0,60,1987,"Action, Adventure, Mystery, Sci-Fi",1734,1987-11-07,James L. Conway
285,tt0089457,2018-02-12,2018-02-12,,Ladyhawke,https://www.imdb.com/title/tt0089457/,movie,7.0,121,1985,"Adventure, Comedy, Drama, Fantasy",36960,1985-03-27,Richard Donner
286,tt0094602,2018-02-12,2018-02-12,,Above the Law,https://www.imdb.com/title/tt0094602/,movie,6.0,99,1988,"Action, Crime, Drama, Mystery, Thriller",24577,1988-04-08,Andrew Davis
287,tt0082146,2018-02-12,2018-02-12,,Caveman,https://www.imdb.com/title/tt0082146/,movie,5.7,91,1981,"Comedy, Romance",6173,1981-04-17,Carl Gottlieb
288,tt0100814,2018-02-12,2018-02-12,,Tremors,https://www.imdb.com/title/tt0100814/,movie,7.1,96,1990,"Comedy, Horror",100303,1990-01-19,Ron Underwood
289,tt0091129,2018-02-12,2018-02-12,,The Golden Child,https://www.imdb.com/title/tt0091129/,movie,5.9,94,1986,"Action, Adventure, Comedy, Fantasy, Mystery",43847,1986-12-12,Michael Ritchie
290,tt0097428,2018-02-12,2018-02-12,,Ghostbusters II,https://www.imdb.com/title/tt0097428/,movie,6.5,108,1989,"Action, Comedy, Fantasy, Sci-Fi",156099,1989-06-15,Ivan Reitman
291,tt0094612,2018-02-12,2018-02-12,,Action Jackson,https://www.imdb.com/title/tt0094612/,movie,5.2,96,1988,"Action, Comedy, Crime, Thriller",8205,1988-02-12,Craig R. Baxley
292,tt0096256,2018-02-12,2018-02-12,,They Live,https://www.imdb.com/title/tt0096256/,movie,7.3,94,1988,"Action, Horror, Sci-Fi, Thriller",86233,1988-11-04,John Carpenter
293,tt0106697,2018-02-12,2018-02-12,,Demolition Man,https://www.imdb.com/title/tt0106697/,movie,6.6,115,1993,"Action, Crime, Sci-Fi, Thriller",136283,1993-10-07,Marco Brambilla
294,tt0077523,2018-02-12,2018-02-12,,Every Which Way But Loose,https://www.imdb.com/title/tt0077523/,movie,6.3,114,1978,"Action, Comedy",19294,1978-12-16,James Fargo
295,tt0211443,2018-02-12,2018-02-12,,Jason X,https://www.imdb.com/title/tt0211443/,movie,4.4,91,2001,"Action, Horror, Sci-Fi, Thriller",43043,2001-07-24,James Isaac
296,tt0109838,2018-02-12,2018-02-12,,Freaked,https://www.imdb.com/title/tt0109838/,movie,6.3,86,1993,"Comedy, Sci-Fi",5041,1993-05-31,"Alex Winter, Tom Stern"
297,tt0093870,2018-02-12,2018-02-12,,RoboCop,https://www.imdb.com/title/tt0093870/,movie,7.5,102,1987,"Action, Crime, Sci-Fi, Thriller",200580,1987-07-17,Paul Verhoeven
298,tt0090728,2018-02-12,2018-02-12,,Big Trouble in Little China,https://www.imdb.com/title/tt0090728/,movie,7.3,99,1986,"Action, Adventure, Comedy, Fantasy",104313,1986-07-02,John Carpenter
299,tt0080745,2018-02-12,2018-02-12,,Flash Gordon,https://www.imdb.com/title/tt0080745/,movie,6.5,111,1980,"Action, Adventure, Sci-Fi",42146,1980-09-01,Mike Hodges
300,tt0105698,2018-02-12,2018-02-12,,Universal Soldier,https://www.imdb.com/title/tt0105698/,movie,6.0,102,1992,"Action, Sci-Fi",73865,1992-07-10,Roland Emmerich
301,tt0100403,2018-02-12,2018-02-12,,Predator 2,https://www.imdb.com/title/tt0100403/,movie,6.2,108,1990,"Action, Horror, Sci-Fi, Thriller",119851,1990-11-19,Stephen Hopkins
302,tt0113481,2018-02-12,2018-02-12,,Johnny Mnemonic,https://www.imdb.com/title/tt0113481/,movie,5.6,96,1995,"Action, Crime, Sci-Fi, Thriller",59627,1995-04-15,Robert Longo
303,tt0104299,2018-02-12,2018-02-12,,Freejack,https://www.imdb.com/title/tt0104299/,movie,5.3,110,1992,"Action, Crime, Sci-Fi, Thriller",13130,1992-01-17,Geoff Murphy
304,tt0113326,2018-02-12,2018-02-12,,Hung fan kui,https://www.imdb.com/title/tt0113326/,movie,6.7,104,1995,"Action, Comedy, Crime, Thriller",33154,1995-01-21,Stanley Tong
305,tt0088944,2018-02-12,2018-02-12,,Commando,https://www.imdb.com/title/tt0088944/,movie,6.7,90,1985,"Action, Adventure, Thriller",124483,1985-10-04,Mark L. Lester
306,tt0093437,2018-02-12,2018-02-12,,The Lost Boys,https://www.imdb.com/title/tt0093437/,movie,7.3,97,1987,"Comedy, Horror",102834,1987-07-27,Joel Schumacher
307,tt0111438,2018-02-12,2018-02-12,,Timecop,https://www.imdb.com/title/tt0111438/,movie,5.8,99,1994,"Action, Crime, Sci-Fi, Thriller",48789,1994-09-16,Peter Hyams
308,tt0158409,2018-02-12,2018-02-12,,Futuresport,https://www.imdb.com/title/tt0158409/,tvMovie,4.2,91,1998,"Action, Sci-Fi, Sport, Thriller",2476,1998-10-01,Ernest R. Dickerson
309,tt0098382,2018-02-12,2018-02-12,,Star Trek V: The Final Frontier,https://www.imdb.com/title/tt0098382/,movie,5.4,107,1989,"Action, Adventure, Fantasy, Sci-Fi, Thriller",48350,1989-06-09,William Shatner
310,tt0084745,2018-02-12,2018-02-12,,Swamp Thing,https://www.imdb.com/title/tt0084745/,movie,5.4,91,1982,"Horror, Sci-Fi",10662,1982-02-19,Wes Craven
311,tt0060315,2018-02-12,2018-02-12,,Django,https://www.imdb.com/title/tt0060315/,movie,7.3,92,1966,"Action, Western",20555,1966-04-06,Sergio Corbucci
312,tt0066999,2018-02-12,2018-02-12,,Dirty Harry,https://www.imdb.com/title/tt0066999/,movie,7.8,102,1971,"Action, Crime, Thriller",124237,1971-12-21,Don Siegel
313,tt0081573,2018-02-12,2018-02-12,,Superman II,https://www.imdb.com/title/tt0081573/,movie,6.8,127,1980,"Action, Adventure, Sci-Fi",84644,1980-12-04,"Richard Donner, Richard Lester"
314,tt0105643,2018-02-12,2018-02-12,,Troll 2,https://www.imdb.com/title/tt0105643/,movie,2.8,95,1990,"Comedy, Fantasy, Horror",26885,1990-10-03,Claudio Fragasso
315,tt0097770,2018-02-12,2018-02-12,,Lock Up,https://www.imdb.com/title/tt0097770/,movie,6.4,109,1989,"Crime, Drama, Thriller",32774,1989-08-04,John Flynn
316,tt0093692,2018-02-12,2018-02-12,,Over the Top,https://www.imdb.com/title/tt0093692/,movie,5.7,93,1987,"Action, Drama, Sport",41924,1987-02-12,Menahem Golan
317,tt0114898,2018-02-12,2018-02-12,,Waterworld,https://www.imdb.com/title/tt0114898/,movie,6.1,135,1995,"Action, Adventure, Sci-Fi, Thriller",156737,1995-07-28,Kevin Reynolds
318,tt0060153,2018-02-12,2018-02-12,,Batman: The Movie,https://www.imdb.com/title/tt0060153/,movie,6.5,105,1966,"Adventure, Comedy, Crime, Family",25887,1966-07-30,Leslie H. Martinson
319,tt0093894,2018-02-12,2018-02-12,,The Running Man,https://www.imdb.com/title/tt0093894/,movie,6.7,101,1987,"Action, Sci-Fi, Thriller",122691,1987-11-13,Paul Michael Glaser
320,tt0092099,2018-02-12,2018-02-12,,Top Gun,https://www.imdb.com/title/tt0092099/,movie,6.9,110,1986,"Action, Drama, Romance",242042,1986-05-12,Tony Scott
321,tt0107254,2018-02-12,2018-02-12,,Jason Goes to Hell: The Final Friday,https://www.imdb.com/title/tt0107254/,movie,4.3,87,1993,"Fantasy, Horror, Thriller",22205,1993-08-13,Adam Marcus
322,tt0102070,2018-02-12,2018-02-12,,Hudson Hawk,https://www.imdb.com/title/tt0102070/,movie,5.8,100,1991,"Action, Adventure, Comedy",46314,1991-05-24,Michael Lehmann
323,tt0075005,2018-02-12,2018-02-12,,The Omen,https://www.imdb.com/title/tt0075005/,movie,7.6,111,1976,Horror,90491,1976-06-25,Richard Donner
324,tt0089175,2018-02-12,2018-02-12,,Fright Night,https://www.imdb.com/title/tt0089175/,movie,7.1,106,1985,"Horror, Thriller",48540,1985-08-02,Tom Holland
325,tt0085750,2018-02-12,2018-02-12,,Jaws 3-D,https://www.imdb.com/title/tt0085750/,movie,3.6,99,1983,"Adventure, Horror, Thriller",31897,1983-07-22,Joe Alves
326,tt0070948,2018-02-12,2018-02-12,,Zardoz,https://www.imdb.com/title/tt0070948/,movie,5.8,105,1974,"Fantasy, Sci-Fi",16493,1974-02-06,John Boorman
327,tt0109676,2018-02-12,2018-02-12,,Drop Zone,https://www.imdb.com/title/tt0109676/,movie,5.6,101,1994,"Action, Adventure, Thriller",17054,1994-12-09,John Badham
328,tt0111301,2018-02-12,2018-02-12,,Street Fighter,https://www.imdb.com/title/tt0111301/,movie,3.8,102,1994,"Action, Adventure, Comedy, Thriller",56953,1994-12-23,Steven E. de Souza
329,tt0086567,2018-02-12,2018-02-12,,WarGames,https://www.imdb.com/title/tt0086567/,movie,7.1,114,1983,"Sci-Fi, Thriller",78104,1983-05-19,John Badham
330,tt0088847,2018-02-12,2018-02-12,,The Breakfast Club,https://www.imdb.com/title/tt0088847/,movie,7.9,97,1985,"Comedy, Drama",291562,1985-02-07,John Hughes
331,tt0096486,2018-02-12,2018-02-12,,Young Einstein,https://www.imdb.com/title/tt0096486/,movie,5.1,91,1988,"Comedy, History",7711,1988-12-15,Yahoo Serious
332,tt0281686,2018-02-12,2018-02-12,,Bubba Ho-Tep,https://www.imdb.com/title/tt0281686/,movie,7.1,92,2002,"Comedy, Fantasy, Horror, Mystery, Western",41211,2002-06-09,Don Coscarelli
333,tt0111257,2018-02-12,2018-02-12,,Speed,https://www.imdb.com/title/tt0111257/,movie,7.2,116,1994,"Action, Adventure, Crime, Thriller",284462,1994-06-10,Jan de Bont
334,tt0088000,2018-02-12,2018-02-12,,Revenge of the Nerds,https://www.imdb.com/title/tt0088000/,movie,6.6,90,1984,Comedy,43102,1984-07-20,Jeff Kanew
335,tt0067140,2018-02-12,2018-02-12,,Giù la testa,https://www.imdb.com/title/tt0067140/,movie,7.7,157,1971,"War, Western",24058,1971-10-29,Sergio Leone
336,tt0085255,2018-02-12,2018-02-12,,Blue Thunder,https://www.imdb.com/title/tt0085255/,movie,6.4,109,1983,"Action, Crime, Drama, Sci-Fi, Thriller",13660,1983-02-05,John Badham
337,tt0095444,2018-02-12,2018-02-12,,Killer Klowns from Outer Space,https://www.imdb.com/title/tt0095444/,movie,6.1,88,1988,"Comedy, Horror, Sci-Fi",26125,1988-05-27,Stephen Chiodo
338,tt0087182,2018-02-12,2018-02-12,,Dune,https://www.imdb.com/title/tt0087182/,movie,6.6,137,1984,"Action, Adventure, Sci-Fi",105221,1984-12-03,David Lynch
339,tt0082288,2018-02-12,2018-02-12,,Dragonslayer,https://www.imdb.com/title/tt0082288/,movie,6.7,108,1981,"Action, Adventure, Fantasy",12076,1981-06-26,Matthew Robbins
340,tt0082869,2018-02-12,2018-02-12,,Outland,https://www.imdb.com/title/tt0082869/,movie,6.6,112,1981,"Action, Crime, Sci-Fi, Thriller, Western",23507,1981-05-22,Peter Hyams
341,tt0298814,2018-02-12,2018-02-12,,The Core,https://www.imdb.com/title/tt0298814/,movie,5.5,135,2003,"Action, Adventure, Sci-Fi, Thriller",82306,2003-03-25,Jon Amiel
342,tt0114576,2018-02-12,2018-02-12,,Sudden Death,https://www.imdb.com/title/tt0114576/,movie,5.7,111,1995,"Action, Crime, Thriller",28027,1995-10-26,Peter Hyams
343,tt0091064,2018-02-12,2018-02-12,,The Fly,https://www.imdb.com/title/tt0091064/,movie,7.5,96,1986,"Drama, Horror, Sci-Fi",133384,1986-08-15,David Cronenberg
344,tt0084726,2018-02-12,2018-02-12,,Star Trek: The Wrath of Khan,https://www.imdb.com/title/tt0084726/,movie,7.7,113,1982,"Action, Adventure, Sci-Fi",99338,1982-06-04,Nicholas Meyer
345,tt0113855,2018-02-12,2018-02-12,,Mortal Kombat,https://www.imdb.com/title/tt0113855/,movie,5.8,101,1995,"Action, Adventure, Fantasy, Sci-Fi, Thriller",88335,1995-07-13,Paul W.S. Anderson
346,tt0077369,2018-02-12,2018-02-12,,Convoy,https://www.imdb.com/title/tt0077369/,movie,6.3,110,1978,"Action, Drama",12593,1978-06-10,Sam Peckinpah
347,tt0091369,2018-02-12,2018-02-12,,Labyrinth,https://www.imdb.com/title/tt0091369/,movie,7.4,101,1986,"Adventure, Family, Fantasy, Musical",105089,1986-06-27,Jim Henson
348,tt0094721,2018-02-12,2018-02-12,,Beetlejuice,https://www.imdb.com/title/tt0094721/,movie,7.5,92,1988,"Comedy, Fantasy",212800,1988-03-29,Tim Burton
349,tt0067992,2018-02-12,2018-02-12,,Willy Wonka & the Chocolate Factory,https://www.imdb.com/title/tt0067992/,movie,7.8,100,1971,"Family, Fantasy, Musical",146762,1971-06-30,Mel Stuart
350,tt0067525,2018-02-12,2018-02-12,,The Omega Man,https://www.imdb.com/title/tt0067525/,movie,6.6,98,1971,"Action, Sci-Fi, Thriller",25083,1971-08-01,Boris Sagal
351,tt0097236,2018-02-12,2018-02-12,,Dream a Little Dream,https://www.imdb.com/title/tt0097236/,movie,5.9,114,1989,"Comedy, Drama, Romance",5363,1989-03-03,Marc Rocco
352,tt0045546,2018-02-12,2018-02-12,,"The Beast from 20,000 Fathoms",https://www.imdb.com/title/tt0045546/,movie,6.7,80,1953,"Adventure, Horror, Sci-Fi",5499,1953-06-13,Eugène Lourié
353,tt0104692,2018-02-12,2018-02-12,,The Lawnmower Man,https://www.imdb.com/title/tt0104692/,movie,5.4,108,1992,"Horror, Sci-Fi",30077,1992-03-06,Brett Leonard
354,tt0091225,2018-02-12,2018-02-12,,Howard the Duck,https://www.imdb.com/title/tt0091225/,movie,4.6,110,1986,"Action, Adventure, Comedy, Romance, Sci-Fi",36934,1986-08-01,Willard Huyck
355,tt0063442,2018-02-12,2018-02-12,,Planet of the Apes,https://www.imdb.com/title/tt0063442/,movie,8.0,112,1968,"Adventure, Sci-Fi",148911,1968-02-08,Franklin J. Schaffner
356,tt0051622,2018-02-12,2018-02-12,,The Fly,https://www.imdb.com/title/tt0051622/,movie,7.1,94,1958,"Drama, Horror, Sci-Fi",17455,1958-07-16,Kurt Neumann
357,tt0052077,2018-02-12,2018-02-12,,Plan 9 from Outer Space,https://www.imdb.com/title/tt0052077/,movie,4.0,79,1959,"Horror, Sci-Fi",31904,1959-07-22,Edward D. Wood Jr.
358,tt0087175,2018-02-12,2018-02-12,,Dreamscape,https://www.imdb.com/title/tt0087175/,movie,6.3,99,1984,"Action, Adventure, Horror, Sci-Fi, Thriller",11588,1984-08-17,Joseph Ruben
359,tt0076716,2018-02-12,2018-02-12,,Sinbad and the Eye of the Tiger,https://www.imdb.com/title/tt0076716/,movie,6.4,113,1977,"Action, Adventure, Family, Fantasy",5579,1977-07-15,Sam Wanamaker
360,tt0088024,2018-02-12,2018-02-12,,Runaway,https://www.imdb.com/title/tt0088024/,movie,5.9,99,1984,"Action, Crime, Sci-Fi, Thriller",9489,1984-12-14,Michael Crichton
361,tt0073784,2018-02-12,2018-02-12,,Take a Hard Ride,https://www.imdb.com/title/tt0073784/,movie,5.9,103,1975,Western,810,1975-10-10,Antonio Margheriti
362,tt0082348,2018-02-12,2018-02-12,,Excalibur,https://www.imdb.com/title/tt0082348/,movie,7.4,140,1981,"Adventure, Drama, Fantasy, Romance",50523,1981-04-10,John Boorman
363,tt0103919,2018-02-12,2018-02-12,,Candyman,https://www.imdb.com/title/tt0103919/,movie,6.6,99,1992,"Horror, Thriller",55128,1992-09-11,Bernard Rose
364,tt0082186,2018-02-12,2018-02-12,,Clash of the Titans,https://www.imdb.com/title/tt0082186/,movie,6.9,118,1981,"Action, Adventure, Family, Fantasy",35605,1981-06-12,Desmond Davis
365,tt0844894,2018-02-12,2018-02-12,,Species: The Awakening,https://www.imdb.com/title/tt0844894/,video,4.2,103,2007,"Horror, Sci-Fi",5597,2007-10-02,Nick Lyon
366,tt0404756,2018-02-12,2018-02-12,,Alien Apocalypse,https://www.imdb.com/title/tt0404756/,tvMovie,4.5,88,2005,"Adventure, Sci-Fi",3500,2005-03-26,Josh Becker
367,tt0089893,2018-02-12,2018-02-12,,Red Sonja,https://www.imdb.com/title/tt0089893/,movie,5.0,89,1985,"Action, Adventure, Fantasy",33332,1985-07-03,Richard Fleischer
368,tt0385990,2018-02-12,2018-02-12,,Retrograde,https://www.imdb.com/title/tt0385990/,movie,3.2,93,2004,"Action, Sci-Fi",1344,2004-11-02,Christopher Kulikowski
369,tt0086837,2018-02-12,2018-02-12,,2010,https://www.imdb.com/title/tt0086837/,movie,6.8,116,1984,"Adventure, Mystery, Sci-Fi, Thriller",44438,1984-12-07,Peter Hyams
370,tt0085811,2018-02-12,2018-02-12,,Krull,https://www.imdb.com/title/tt0085811/,movie,6.1,116,1983,"Action, Adventure, Fantasy",25667,1983-07-29,Peter Yates
